{
  "single_step": {
    "stable_mean": 0.0002843328570924546,
    "stable_std": 4.808270359566528e-05,
    "chaotic_mean": 0.003995240302645699,
    "chaotic_std": 0.006341734403900263,
    "chaotic_stable_ratio": 14.051278995682843
  },
  "multi_step": {
    "horizon_10": {
      "stable": 0.007319911383092403,
      "chaotic": 0.004853846714831888
    },
    "horizon_25": {
      "stable": 0.011830937582999468,
      "chaotic": 0.014330796338617802
    },
    "horizon_50": {
      "stable": 0.03689981438219547,
      "chaotic": 0.04524789359420538
    },
    "horizon_100": {
      "stable": 0.06760233640670776,
      "chaotic": 0.07170228399336338
    }
  },
  "per_body": {
    "body_1": 0.001619123058518201,
    "body_2": 0.004275840190554347,
    "body_3": 0.005078691993282596
  },
  "per_trajectory_type": {}
}